item,qty,spec,supplier,unit_cost_usd,make_buy,notes
1 Bottom segment with sheave bracket,1,"5 mm S355 plate rolled to 760 mm OD, 60 degree arc 450 mm long; two inside joint flanges 50 x 10 mm flat bar; front cutting band 60 x 10 mm flat rolled inside the front edge; sheave bracket: 10 mm base plate 345 x 195 mm on two 10 mm saddles cut to the shell curve, 25 mm S355 bright bar pin, four 20 mm round bar cover posts",Plate roller and local fabricator,210.00,make,Indicative price including rolling; 21.8 kg from cad/src/model.py; joint holes 13 mm drilled with the mating segment clamped on
2 Side segments,2,"5 mm S355 plate rolled to 760 mm OD, 90 degree arc 450 mm long; inside joint flanges 50 x 10 mm both edges; front cutting band 60 x 10 mm; one M20 weld nut 30 mm across inside for the side jacking screw",Plate roller and local fabricator,150.00,make,Indicative price; 16.6 kg each; the two are mirror images (+Y and -Y)
3 Crown segment with hood,1,"5 mm S355 plate rolled to 760 mm OD, 120 degree arc 700 mm long (450 mm ring plus 250 mm hood); joint flanges 50 x 10 mm running the full 700 mm as hood ribs; hood lip band 60 x 10 mm; two M20 weld nuts for the crown jacking screws; two spigot saddles from 25 mm plate",Plate roller and local fabricator,260.00,make,Indicative price; 31.4 kg; the heaviest piece that goes into the pipe; rides in on a sledge
4 Segment joint bolts,20,"M12 x 40 hexagon bolt, property class 8.8, zinc plated, with nut and two washers (16 used, 4 spare)",Fastener distributor,1.50,buy,Indicative price; four bolts per joint at 120 mm pitch
5 Jacking screws with swivel pads,4,"M20 x 90 hexagon set screw, class 8.8; swivel pad 50 mm diameter x 7 mm turned from mild steel bar with a ball seat; locknut",Fastener distributor and local machine shop,23.00,make,Indicative price; pads made; tighten to about 60 N m (about 15 kN preload) with a hand wrench
6 Face return sheave,1,"Rope sheave 260 mm OD, groove for 10 mm rope (240 mm pitch diameter), 30 mm wide, bronze bush for a 25 mm pin, rated working load at least 1,000 kg",Rigging or hoist supplier,85.00,buy,Indicative price; check the bore and rating when bought (register item)
7 Sheave spacer and keeper,1,"Spacer 40 mm OD x 20 mm from 40 x 7.5 mm tube; keeper washer 44 mm OD x 5 mm; R-clip; 6 mm cross hole in the pin",Local machine shop,15.00,make,Indicative price
8 Sheave cover and kneeling plate,1,"4 mm chequer plate 345 x 300 mm, four 9 mm holes, edges deburred; four M8 x 20 screws into tapped post tops",Local fabricator,45.00,make,Indicative price; 3.2 kg
9 Duct outlet spigot,1,"Steel tube 194 x 2 mm, 410 mm long, rolled bead 20 mm from the duct end; two worm-drive band clamps 180 to 200 mm",Local fabricator,60.00,make,Indicative price; 3.9 kg; the duct end slides over it
10 Spoil sledges,4,"Folded tray from 1.5 mm galvanised steel sheet: base 160 mm, sides flaring to 300 mm at 130 mm high, 1,000 mm long, welded end plates; 8 mm plate end lugs 50 x 40 mm with 16 mm holes; hand holes in the end plates",Local sheet metal shop,70.00,make,Indicative price; 7.5 kg each with runners; 29.9 L struck
11 Sledge runners,1,"UHMW-PE strip 40 x 10 mm, 8.0 m (eight runners of 1,000 mm), countersunk M6 stainless screws and nuts",Plastics distributor,60.00,buy,Indicative price; screw heads sunk at least 4 mm below the running face
12 Sledge connecting links,3,"Connecting link for 8 mm lugs: two 8 mm side bars 90 mm centres with two 14 mm pins and split pins; or two 1 t bow shackles and a 10 mm chain link",Rigging supplier,18.00,buy,Indicative price
13 Breakaway swivels,3,"Cable-pulling breakaway swivel with field-replaceable shear pins, set to release at 2.5 kN (about 560 lbf), eye both ends; two fitted and one spare, plus a pack of pins",Cable pulling equipment supplier,140.00,buy,Indicative price; sets the overload limit R11; confirm the release load of the pins bought (register item)
14 Haul ropes,1,"10 mm polyester double braid, minimum breaking strength at least 18 kN: pull rope 75 m and tail rope 140 m, eye splice at the train end of each",Rope or chandlery supplier,236.50,buy,Indicative price USD 1.10 per m for 215 m; 14 kg in all
15 Winch trestles,2,"Welded frame from 40 x 40 x 3 mm square hollow section: base and top rectangles 700 x 500 mm, four posts, 560 mm high; 10 mm top plate 300 x 500 mm drilled for the winch base; 10 mm anchor eye with a 22 mm hole 640 mm up",Local fabricator,120.00,make,Indicative price; 34.4 kg each
16 Trestle cross ties,4,"40 x 40 x 3 mm square hollow section 140 mm long with 6 mm end plates; two M10 bolts each end",Local fabricator,15.00,make,Indicative price; tie the two trestles 140 mm apart
17 Self-tailing winches,2,"Two-speed self-tailing sheet winch for 8 to 12 mm rope, power ratios about 13 and 40 with a 250 mm handle, rated line load at least 10 kN; with a locking 250 mm handle and base bolts",Marine chandlery (new or reconditioned),1150.00,buy,Indicative new price; the largest cost driver (register value engineering)
18 Rope bins,2,"Plastic tub about 80 L, 500 mm diameter, drain holes",Hardware store,25.00,buy,Indicative price; the tail of each self-tailer drops into one
19 Anchor slings,2,"Round sling 1 t working load, 2 m effective length, with a 1 t bow shackle",Rigging supplier,45.00,buy,Indicative price; to a structural anchor behind the station; never to the pipe-pushing machine
20 Ventilation blower,1,"Portable confined-space ventilation blower for 200 mm (8 in) duct, at least 0.27 m3/s at 500 Pa, 230 V, with a guard on the intake",Safety equipment supplier,750.00,buy,Indicative price; about 20 kg; stands at the portal in clean air
21 Layflat duct,9,"200 mm layflat ventilation duct 7.6 m (25 ft) length with couplings",Safety equipment supplier,85.00,buy,Indicative price; 65 m in all
22 Magnet hangers,60,"Pot magnet 32 mm with hook, pull at least 25 kg, for hanging the duct and the cable on the steel pipe wall",Industrial supplier,5.00,buy,Indicative price; one each for duct and cable every 2.5 m
23 Lamps,1,"Set: two magnetic battery LED work lamps (about 1,000 lm) and four battery LED cap lamps with spare batteries",Mining or safety supplier,300.00,buy,Indicative price for the set
24 Signal line,1,"Two sound-powered telephone handsets (no batteries) and 80 m two-core cable on a reel; pull-cord bell signal as backup",Mining or marine communications supplier,860.00,buy,Indicative price for the set
25 Four-gas monitors,2,"Personal four-gas monitor (oxygen, carbon monoxide, hydrogen sulphide, flammable gas) with alarm and pump-free diffusion sensor",Gas detection supplier,550.00,buy,Indicative price; one worn at the face and one at the portal (R12)
26 Roll-up casualty stretcher,1,"Flexible plastic confined-space rescue stretcher, rolls to about 480 mm wide, with body straps and head-end towing grommets",Rescue equipment supplier,420.00,buy,Indicative price
27 Stretcher towing spreader bar and bridle,1,"Steel tube 26.9 x 2.6 mm, 450 mm long, with a 10 mm towing eye; 10 mm polyester bridle legs spliced to the grommets",Local fabricator,45.00,make,Indicative price; 2.1 kg
28 Face tool set,1,"Short-handled spade and pick (handles cut to 450 mm), 1.8 kg lump hammer, cold chisels, 600 mm bolt cutter, 300 mm hacksaw, wrist lanyards, scoop pans",Hardware store,380.00,buy,Indicative price
29 Consumables,1,"M8 cover screws, hose clamps, paint, thread locker, rope whipping, spare split pins and R-clips",Hardware store,60.00,buy,Indicative price
30 Portal drill drives,2,"Heavy-duty cordless right-angle drill with an adjustable slip clutch and a dead-man trigger, about 120 rpm under load; winch bit with a square drive for the winch handle socket; two spare batteries; one charger shared by both",Power tool and marine chandlery supplier,350.00,buy,"Indicative price per set (SVD-DDR-003); about 7 kg for both sets (estimate); used in high gear only, clutch set to slip before the 2.5 kN swivel releases; hand handles kept as the fallback"
31 Spare haul ropes and wear gauge,1,"Spare pull rope 75 m and tail rope 140 m as line 14, eye splices at the train end; go/no-go rope wear gauge with a 9 mm slot cut from 2 mm sheet offcut",Rope or chandlery supplier,236.50,buy,"Indicative price as line 14 (SVD-DDR-003); about 15 kg; both ropes inspected against the gauge at every shift change, a worn rope swapped in about 20 min"
